[{"model": "auth.permission", "pk": 1, "fields": {"name": "Can add log entry", "content_type": 1, "codename": "add_logentry"}}, {"model": "auth.permission", "pk": 2, "fields": {"name": "Can change log entry", "content_type": 1, "codename": "change_logentry"}}, {"model": "auth.permission", "pk": 3, "fields": {"name": "Can delete log entry", "content_type": 1, "codename": "delete_logentry"}}, {"model": "auth.permission", "pk": 4, "fields": {"name": "Can view log entry", "content_type": 1, "codename": "view_logentry"}}, {"model": "auth.permission", "pk": 5, "fields": {"name": "Can add permission", "content_type": 2, "codename": "add_permission"}}, {"model": "auth.permission", "pk": 6, "fields": {"name": "Can change permission", "content_type": 2, "codename": "change_permission"}}, {"model": "auth.permission", "pk": 7, "fields": {"name": "Can delete permission", "content_type": 2, "codename": "delete_permission"}}, {"model": "auth.permission", "pk": 8, "fields": {"name": "Can view permission", "content_type": 2, "codename": "view_permission"}}, {"model": "auth.permission", "pk": 9, "fields": {"name": "Can add group", "content_type": 3, "codename": "add_group"}}, {"model": "auth.permission", "pk": 10, "fields": {"name": "Can change group", "content_type": 3, "codename": "change_group"}}, {"model": "auth.permission", "pk": 11, "fields": {"name": "Can delete group", "content_type": 3, "codename": "delete_group"}}, {"model": "auth.permission", "pk": 12, "fields": {"name": "Can view group", "content_type": 3, "codename": "view_group"}}, {"model": "auth.permission", "pk": 13, "fields": {"name": "Can add user", "content_type": 4, "codename": "add_user"}}, {"model": "auth.permission", "pk": 14, "fields": {"name": "Can change user", "content_type": 4, "codename": "change_user"}}, {"model": "auth.permission", "pk": 15, "fields": {"name": "Can delete user", "content_type": 4, "codename": "delete_user"}}, {"model": "auth.permission", "pk": 16, "fields": {"name": "Can view user", "content_type": 4, "codename": "view_user"}}, {"model": "auth.permission", "pk": 17, "fields": {"name": "Can add content type", "content_type": 5, "codename": "add_contenttype"}}, {"model": "auth.permission", "pk": 18, "fields": {"name": "Can change content type", "content_type": 5, "codename": "change_contenttype"}}, {"model": "auth.permission", "pk": 19, "fields": {"name": "Can delete content type", "content_type": 5, "codename": "delete_contenttype"}}, {"model": "auth.permission", "pk": 20, "fields": {"name": "Can view content type", "content_type": 5, "codename": "view_contenttype"}}, {"model": "auth.permission", "pk": 21, "fields": {"name": "Can add session", "content_type": 6, "codename": "add_session"}}, {"model": "auth.permission", "pk": 22, "fields": {"name": "Can change session", "content_type": 6, "codename": "change_session"}}, {"model": "auth.permission", "pk": 23, "fields": {"name": "Can delete session", "content_type": 6, "codename": "delete_session"}}, {"model": "auth.permission", "pk": 24, "fields": {"name": "Can view session", "content_type": 6, "codename": "view_session"}}, {"model": "auth.permission", "pk": 25, "fields": {"name": "Can add product", "content_type": 7, "codename": "add_product"}}, {"model": "auth.permission", "pk": 26, "fields": {"name": "Can change product", "content_type": 7, "codename": "change_product"}}, {"model": "auth.permission", "pk": 27, "fields": {"name": "Can delete product", "content_type": 7, "codename": "delete_product"}}, {"model": "auth.permission", "pk": 28, "fields": {"name": "Can view product", "content_type": 7, "codename": "view_product"}}, {"model": "auth.permission", "pk": 29, "fields": {"name": "Can add product variant", "content_type": 8, "codename": "add_productvariant"}}, {"model": "auth.permission", "pk": 30, "fields": {"name": "Can change product variant", "content_type": 8, "codename": "change_productvariant"}}, {"model": "auth.permission", "pk": 31, "fields": {"name": "Can delete product variant", "content_type": 8, "codename": "delete_productvariant"}}, {"model": "auth.permission", "pk": 32, "fields": {"name": "Can view product variant", "content_type": 8, "codename": "view_productvariant"}}, {"model": "auth.permission", "pk": 33, "fields": {"name": "Can add variant", "content_type": 9, "codename": "add_variant"}}, {"model": "auth.permission", "pk": 34, "fields": {"name": "Can change variant", "content_type": 9, "codename": "change_variant"}}, {"model": "auth.permission", "pk": 35, "fields": {"name": "Can delete variant", "content_type": 9, "codename": "delete_variant"}}, {"model": "auth.permission", "pk": 36, "fields": {"name": "Can view variant", "content_type": 9, "codename": "view_variant"}}, {"model": "auth.permission", "pk": 37, "fields": {"name": "Can add product variant price", "content_type": 10, "codename": "add_productvariantprice"}}, {"model": "auth.permission", "pk": 38, "fields": {"name": "Can change product variant price", "content_type": 10, "codename": "change_productvariantprice"}}, {"model": "auth.permission", "pk": 39, "fields": {"name": "Can delete product variant price", "content_type": 10, "codename": "delete_productvariantprice"}}, {"model": "auth.permission", "pk": 40, "fields": {"name": "Can view product variant price", "content_type": 10, "codename": "view_productvariantprice"}}, {"model": "auth.permission", "pk": 41, "fields": {"name": "Can add product image", "content_type": 11, "codename": "add_productimage"}}, {"model": "auth.permission", "pk": 42, "fields": {"name": "Can change product image", "content_type": 11, "codename": "change_productimage"}}, {"model": "auth.permission", "pk": 43, "fields": {"name": "Can delete product image", "content_type": 11, "codename": "delete_productimage"}}, {"model": "auth.permission", "pk": 44, "fields": {"name": "Can view product image", "content_type": 11, "codename": "view_productimage"}}, {"model": "auth.user", "pk": 1, "fields": {"password": "pbkdf2_sha256$260000$O548ieTYcQBOD4WX08myqA$zu6+cNFJrIgCf+rV3H+5Uj8uUtXJTFV8NdiOHwQkelA=", "last_login": "2022-01-26T07:01:06.094Z", "is_superuser": true, "username": "rifat", "first_name": "", "last_name": "", "email": "", "is_staff": true, "is_active": true, "date_joined": "2022-01-26T07:01:00.965Z", "groups": [], "user_permissions": []}}, {"model": "contenttypes.contenttype", "pk": 1, "fields": {"app_label": "admin", "model": "logentry"}}, {"model": "contenttypes.contenttype", "pk": 2, "fields": {"app_label": "auth", "model": "permission"}}, {"model": "contenttypes.contenttype", "pk": 3, "fields": {"app_label": "auth", "model": "group"}}, {"model": "contenttypes.contenttype", "pk": 4, "fields": {"app_label": "auth", "model": "user"}}, {"model": "contenttypes.contenttype", "pk": 5, "fields": {"app_label": "contenttypes", "model": "contenttype"}}, {"model": "contenttypes.contenttype", "pk": 6, "fields": {"app_label": "sessions", "model": "session"}}, {"model": "contenttypes.contenttype", "pk": 7, "fields": {"app_label": "product", "model": "product"}}, {"model": "contenttypes.contenttype", "pk": 8, "fields": {"app_label": "product", "model": "productvariant"}}, {"model": "contenttypes.contenttype", "pk": 9, "fields": {"app_label": "product", "model": "variant"}}, {"model": "contenttypes.contenttype", "pk": 10, "fields": {"app_label": "product", "model": "productvariantprice"}}, {"model": "contenttypes.contenttype", "pk": 11, "fields": {"app_label": "product", "model": "productimage"}}, {"model": "sessions.session", "pk": "3fod18572n1pswvvm9zoqclu6ivzajtm", "fields": {"session_data": ".eJxVjEsOwiAUAO_C2pDyB5fuewby4D2kamhS2pXx7oakC93OTObNIhx7jUenLS7Irkywyy9LkJ_UhsAHtPvK89r2bUl8JPy0nc8r0ut2tn-DCr2ObdYkvRZKoNcq-ASWJFmJFkhjIfQ4ZUd-Csah0WiKm4wFrVSQIVBhny_ekje-:1nCcIk:D-JXt88XQrwaNiMoTXxVfkyK0dhaEcn1-KLdO6XXM4w", "expire_date": "2022-02-09T07:01:06.103Z"}}, {"model": "product.variant", "pk": 1, "fields": {"created_at": "2022-01-26T07:01:25.301Z", "updated_at": "2022-01-26T07:01:25.301Z", "title": "Size", "description": ".", "active": true}}, {"model": "product.variant", "pk": 2, "fields": {"created_at": "2022-01-26T07:01:31.138Z", "updated_at": "2022-01-26T07:01:31.138Z", "title": "Color", "description": ".", "active": true}}, {"model": "product.variant", "pk": 3, "fields": {"created_at": "2022-01-26T07:01:36.878Z", "updated_at": "2022-01-26T07:01:36.878Z", "title": "Style", "description": ".", "active": true}}, {"model": "product.product", "pk": 1, "fields": {"created_at": "2022-01-26T07:06:13.679Z", "updated_at": "2022-01-26T07:06:13.679Z", "title": "Vintage Alarm Clock Retro Oil Lamp", "sku": "1524149", "description": "."}}, {"model": "product.product", "pk": 2, "fields": {"created_at": "2022-01-26T07:06:41.029Z", "updated_at": "2022-01-26T07:06:41.029Z", "title": "Navy Blue Color Neck Warmer Winter", "sku": "1524148", "description": "."}}, {"model": "product.product", "pk": 3, "fields": {"created_at": "2022-01-26T07:07:02.865Z", "updated_at": "2022-01-26T07:07:02.865Z", "title": "Buds Air TWS Earphone True Wireless", "sku": "1524147", "description": "."}}, {"model": "product.product", "pk": 4, "fields": {"created_at": "2022-01-26T07:08:28.097Z", "updated_at": "2022-01-26T07:08:28.097Z", "title": "Cotton GUDDI", "sku": "54141", "description": "9"}}, {"model": "product.product", "pk": 5, "fields": {"created_at": "2022-01-26T07:08:55.738Z", "updated_at": "2022-01-26T07:08:55.739Z", "title": "New Collection 2021", "sku": "54143", "description": "9"}}, {"model": "product.product", "pk": 6, "fields": {"created_at": "2022-01-26T07:09:42.109Z", "updated_at": "2022-01-26T07:09:42.109Z", "title": "New Cotton Causal Smarts Half Shirt for Man's", "sku": "541439", "description": "9"}}, {"model": "product.productvariant", "pk": 1, "fields": {"created_at": "2022-01-26T07:06:13.683Z", "updated_at": "2022-01-26T07:06:13.683Z", "variant_title": "xl", "variant": 1, "product": 1}}, {"model": "product.productvariant", "pk": 2, "fields": {"created_at": "2022-01-26T07:06:13.688Z", "updated_at": "2022-01-26T07:06:13.688Z", "variant_title": "l", "variant": 1, "product": 1}}, {"model": "product.productvariant", "pk": 3, "fields": {"created_at": "2022-01-26T07:06:13.692Z", "updated_at": "2022-01-26T07:06:13.692Z", "variant_title": "black", "variant": 2, "product": 1}}, {"model": "product.productvariant", "pk": 4, "fields": {"created_at": "2022-01-26T07:06:13.695Z", "updated_at": "2022-01-26T07:06:13.695Z", "variant_title": "full", "variant": 3, "product": 1}}, {"model": "product.productvariant", "pk": 5, "fields": {"created_at": "2022-01-26T07:06:13.699Z", "updated_at": "2022-01-26T07:06:13.699Z", "variant_title": "half", "variant": 3, "product": 1}}, {"model": "product.productvariant", "pk": 6, "fields": {"created_at": "2022-01-26T07:06:41.034Z", "updated_at": "2022-01-26T07:06:41.034Z", "variant_title": "xl", "variant": 1, "product": 2}}, {"model": "product.productvariant", "pk": 7, "fields": {"created_at": "2022-01-26T07:06:41.039Z", "updated_at": "2022-01-26T07:06:41.039Z", "variant_title": "l", "variant": 1, "product": 2}}, {"model": "product.productvariant", "pk": 8, "fields": {"created_at": "2022-01-26T07:06:41.043Z", "updated_at": "2022-01-26T07:06:41.043Z", "variant_title": "m", "variant": 1, "product": 2}}, {"model": "product.productvariant", "pk": 9, "fields": {"created_at": "2022-01-26T07:06:41.047Z", "updated_at": "2022-01-26T07:06:41.048Z", "variant_title": "black", "variant": 2, "product": 2}}, {"model": "product.productvariant", "pk": 10, "fields": {"created_at": "2022-01-26T07:06:41.053Z", "updated_at": "2022-01-26T07:06:41.053Z", "variant_title": "full", "variant": 3, "product": 2}}, {"model": "product.productvariant", "pk": 11, "fields": {"created_at": "2022-01-26T07:06:41.057Z", "updated_at": "2022-01-26T07:06:41.057Z", "variant_title": "half", "variant": 3, "product": 2}}, {"model": "product.productvariant", "pk": 12, "fields": {"created_at": "2022-01-26T07:07:02.871Z", "updated_at": "2022-01-26T07:07:02.871Z", "variant_title": "xl", "variant": 1, "product": 3}}, {"model": "product.productvariant", "pk": 13, "fields": {"created_at": "2022-01-26T07:07:02.876Z", "updated_at": "2022-01-26T07:07:02.876Z", "variant_title": "l", "variant": 1, "product": 3}}, {"model": "product.productvariant", "pk": 14, "fields": {"created_at": "2022-01-26T07:07:02.880Z", "updated_at": "2022-01-26T07:07:02.880Z", "variant_title": "m", "variant": 1, "product": 3}}, {"model": "product.productvariant", "pk": 15, "fields": {"created_at": "2022-01-26T07:07:02.884Z", "updated_at": "2022-01-26T07:07:02.884Z", "variant_title": "black", "variant": 2, "product": 3}}, {"model": "product.productvariant", "pk": 16, "fields": {"created_at": "2022-01-26T07:08:28.105Z", "updated_at": "2022-01-26T07:08:28.105Z", "variant_title": "xl", "variant": 1, "product": 4}}, {"model": "product.productvariant", "pk": 17, "fields": {"created_at": "2022-01-26T07:08:28.108Z", "updated_at": "2022-01-26T07:08:28.108Z", "variant_title": "l", "variant": 1, "product": 4}}, {"model": "product.productvariant", "pk": 18, "fields": {"created_at": "2022-01-26T07:08:28.113Z", "updated_at": "2022-01-26T07:08:28.113Z", "variant_title": "sm", "variant": 1, "product": 4}}, {"model": "product.productvariant", "pk": 19, "fields": {"created_at": "2022-01-26T07:08:28.121Z", "updated_at": "2022-01-26T07:08:28.121Z", "variant_title": "m", "variant": 1, "product": 4}}, {"model": "product.productvariant", "pk": 20, "fields": {"created_at": "2022-01-26T07:08:28.125Z", "updated_at": "2022-01-26T07:08:28.125Z", "variant_title": "balck", "variant": 2, "product": 4}}, {"model": "product.productvariant", "pk": 21, "fields": {"created_at": "2022-01-26T07:08:28.128Z", "updated_at": "2022-01-26T07:08:28.128Z", "variant_title": "orange", "variant": 2, "product": 4}}, {"model": "product.productvariant", "pk": 22, "fields": {"created_at": "2022-01-26T07:08:55.746Z", "updated_at": "2022-01-26T07:08:55.746Z", "variant_title": "xl", "variant": 1, "product": 5}}, {"model": "product.productvariant", "pk": 23, "fields": {"created_at": "2022-01-26T07:08:55.751Z", "updated_at": "2022-01-26T07:08:55.751Z", "variant_title": "l", "variant": 1, "product": 5}}, {"model": "product.productvariant", "pk": 24, "fields": {"created_at": "2022-01-26T07:08:55.754Z", "updated_at": "2022-01-26T07:08:55.754Z", "variant_title": "sm", "variant": 1, "product": 5}}, {"model": "product.productvariant", "pk": 25, "fields": {"created_at": "2022-01-26T07:08:55.757Z", "updated_at": "2022-01-26T07:08:55.757Z", "variant_title": "m", "variant": 1, "product": 5}}, {"model": "product.productvariant", "pk": 26, "fields": {"created_at": "2022-01-26T07:08:55.762Z", "updated_at": "2022-01-26T07:08:55.762Z", "variant_title": "balck", "variant": 2, "product": 5}}, {"model": "product.productvariant", "pk": 27, "fields": {"created_at": "2022-01-26T07:08:55.765Z", "updated_at": "2022-01-26T07:08:55.765Z", "variant_title": "orange", "variant": 2, "product": 5}}, {"model": "product.productvariant", "pk": 28, "fields": {"created_at": "2022-01-26T07:08:55.769Z", "updated_at": "2022-01-26T07:08:55.769Z", "variant_title": "v-nick", "variant": 3, "product": 5}}, {"model": "product.productvariant", "pk": 29, "fields": {"created_at": "2022-01-26T07:09:42.116Z", "updated_at": "2022-01-26T07:09:42.116Z", "variant_title": "xl", "variant": 1, "product": 6}}, {"model": "product.productvariant", "pk": 30, "fields": {"created_at": "2022-01-26T07:09:42.120Z", "updated_at": "2022-01-26T07:09:42.120Z", "variant_title": "l", "variant": 1, "product": 6}}, {"model": "product.productvariant", "pk": 31, "fields": {"created_at": "2022-01-26T07:09:42.124Z", "updated_at": "2022-01-26T07:09:42.124Z", "variant_title": "balck", "variant": 2, "product": 6}}, {"model": "product.productvariant", "pk": 32, "fields": {"created_at": "2022-01-26T07:09:42.130Z", "updated_at": "2022-01-26T07:09:42.130Z", "variant_title": "orange", "variant": 2, "product": 6}}, {"model": "product.productvariant", "pk": 33, "fields": {"created_at": "2022-01-26T07:09:42.133Z", "updated_at": "2022-01-26T07:09:42.133Z", "variant_title": "v-nick", "variant": 3, "product": 6}}, {"model": "product.productvariantprice", "pk": 1, "fields": {"created_at": "2022-01-26T07:06:13.713Z", "updated_at": "2022-01-26T07:06:13.713Z", "product_variant_one": 1, "product_variant_two": 3, "product_variant_three": 4, "price": 7620.0, "stock": 999.0, "product": 1}}, {"model": "product.productvariantprice", "pk": 2, "fields": {"created_at": "2022-01-26T07:06:13.721Z", "updated_at": "2022-01-26T07:06:13.721Z", "product_variant_one": 1, "product_variant_two": 3, "product_variant_three": 5, "price": 8017.0, "stock": 999.0, "product": 1}}, {"model": "product.productvariantprice", "pk": 3, "fields": {"created_at": "2022-01-26T07:06:13.730Z", "updated_at": "2022-01-26T07:06:13.730Z", "product_variant_one": 2, "product_variant_two": 3, "product_variant_three": 4, "price": 5939.0, "stock": 999.0, "product": 1}}, {"model": "product.productvariantprice", "pk": 4, "fields": {"created_at": "2022-01-26T07:06:13.737Z", "updated_at": "2022-01-26T07:06:13.737Z", "product_variant_one": 2, "product_variant_two": 3, "product_variant_three": 5, "price": 9317.0, "stock": 999.0, "product": 1}}, {"model": "product.productvariantprice", "pk": 5, "fields": {"created_at": "2022-01-26T07:06:41.071Z", "updated_at": "2022-01-26T07:06:41.071Z", "product_variant_one": 1, "product_variant_two": 3, "product_variant_three": 4, "price": 1239.0, "stock": 999.0, "product": 2}}, {"model": "product.productvariantprice", "pk": 6, "fields": {"created_at": "2022-01-26T07:06:41.082Z", "updated_at": "2022-01-26T07:06:41.082Z", "product_variant_one": 1, "product_variant_two": 3, "product_variant_three": 5, "price": 1055.0, "stock": 999.0, "product": 2}}, {"model": "product.productvariantprice", "pk": 7, "fields": {"created_at": "2022-01-26T07:06:41.090Z", "updated_at": "2022-01-26T07:06:41.090Z", "product_variant_one": 2, "product_variant_two": 3, "product_variant_three": 4, "price": 4489.0, "stock": 999.0, "product": 2}}, {"model": "product.productvariantprice", "pk": 8, "fields": {"created_at": "2022-01-26T07:06:41.102Z", "updated_at": "2022-01-26T07:06:41.102Z", "product_variant_one": 2, "product_variant_two": 3, "product_variant_three": 5, "price": 7780.0, "stock": 999.0, "product": 2}}, {"model": "product.productvariantprice", "pk": 9, "fields": {"created_at": "2022-01-26T07:06:41.112Z", "updated_at": "2022-01-26T07:06:41.112Z", "product_variant_one": 8, "product_variant_two": 3, "product_variant_three": 4, "price": 7537.0, "stock": 999.0, "product": 2}}, {"model": "product.productvariantprice", "pk": 10, "fields": {"created_at": "2022-01-26T07:06:41.122Z", "updated_at": "2022-01-26T07:06:41.122Z", "product_variant_one": 8, "product_variant_two": 3, "product_variant_three": 5, "price": 5897.0, "stock": 999.0, "product": 2}}, {"model": "product.productvariantprice", "pk": 11, "fields": {"created_at": "2022-01-26T07:07:02.891Z", "updated_at": "2022-01-26T07:07:02.891Z", "product_variant_one": 1, "product_variant_two": 3, "product_variant_three": 4, "price": 1239.0, "stock": 999.0, "product": 3}}, {"model": "product.productvariantprice", "pk": 12, "fields": {"created_at": "2022-01-26T07:07:02.899Z", "updated_at": "2022-01-26T07:07:02.899Z", "product_variant_one": 1, "product_variant_two": 3, "product_variant_three": 5, "price": 1055.0, "stock": 999.0, "product": 3}}, {"model": "product.productvariantprice", "pk": 13, "fields": {"created_at": "2022-01-26T07:07:02.906Z", "updated_at": "2022-01-26T07:07:02.906Z", "product_variant_one": 2, "product_variant_two": 3, "product_variant_three": 4, "price": 4489.0, "stock": 999.0, "product": 3}}, {"model": "product.productvariantprice", "pk": 14, "fields": {"created_at": "2022-01-26T07:07:02.912Z", "updated_at": "2022-01-26T07:07:02.912Z", "product_variant_one": 2, "product_variant_two": 3, "product_variant_three": 5, "price": 7780.0, "stock": 999.0, "product": 3}}, {"model": "product.productvariantprice", "pk": 15, "fields": {"created_at": "2022-01-26T07:07:02.920Z", "updated_at": "2022-01-26T07:07:02.920Z", "product_variant_one": 8, "product_variant_two": 3, "product_variant_three": 4, "price": 7537.0, "stock": 999.0, "product": 3}}, {"model": "product.productvariantprice", "pk": 16, "fields": {"created_at": "2022-01-26T07:07:02.926Z", "updated_at": "2022-01-26T07:07:02.926Z", "product_variant_one": 8, "product_variant_two": 3, "product_variant_three": 5, "price": 5897.0, "stock": 999.0, "product": 3}}, {"model": "product.productvariantprice", "pk": 17, "fields": {"created_at": "2022-01-26T07:08:28.138Z", "updated_at": "2022-01-26T07:08:28.138Z", "product_variant_one": 1, "product_variant_two": 20, "product_variant_three": null, "price": 9058.0, "stock": 999.0, "product": 4}}, {"model": "product.productvariantprice", "pk": 18, "fields": {"created_at": "2022-01-26T07:08:28.144Z", "updated_at": "2022-01-26T07:08:28.144Z", "product_variant_one": 1, "product_variant_two": 21, "product_variant_three": null, "price": 8471.0, "stock": 999.0, "product": 4}}, {"model": "product.productvariantprice", "pk": 19, "fields": {"created_at": "2022-01-26T07:08:28.154Z", "updated_at": "2022-01-26T07:08:28.154Z", "product_variant_one": 2, "product_variant_two": 20, "product_variant_three": null, "price": 6837.0, "stock": 999.0, "product": 4}}, {"model": "product.productvariantprice", "pk": 20, "fields": {"created_at": "2022-01-26T07:08:28.160Z", "updated_at": "2022-01-26T07:08:28.160Z", "product_variant_one": 2, "product_variant_two": 21, "product_variant_three": null, "price": 6709.0, "stock": 999.0, "product": 4}}, {"model": "product.productvariantprice", "pk": 21, "fields": {"created_at": "2022-01-26T07:08:28.168Z", "updated_at": "2022-01-26T07:08:28.168Z", "product_variant_one": 18, "product_variant_two": 20, "product_variant_three": null, "price": 1540.0, "stock": 999.0, "product": 4}}, {"model": "product.productvariantprice", "pk": 22, "fields": {"created_at": "2022-01-26T07:08:28.174Z", "updated_at": "2022-01-26T07:08:28.174Z", "product_variant_one": 18, "product_variant_two": 21, "product_variant_three": null, "price": 6612.0, "stock": 999.0, "product": 4}}, {"model": "product.productvariantprice", "pk": 23, "fields": {"created_at": "2022-01-26T07:08:28.182Z", "updated_at": "2022-01-26T07:08:28.182Z", "product_variant_one": 8, "product_variant_two": 20, "product_variant_three": null, "price": 9519.0, "stock": 999.0, "product": 4}}, {"model": "product.productvariantprice", "pk": 24, "fields": {"created_at": "2022-01-26T07:08:28.189Z", "updated_at": "2022-01-26T07:08:28.189Z", "product_variant_one": 8, "product_variant_two": 21, "product_variant_three": null, "price": 7141.0, "stock": 999.0, "product": 4}}, {"model": "product.productvariantprice", "pk": 25, "fields": {"created_at": "2022-01-26T07:08:55.776Z", "updated_at": "2022-01-26T07:08:55.776Z", "product_variant_one": 1, "product_variant_two": 20, "product_variant_three": 28, "price": 784.0, "stock": 999.0, "product": 5}}, {"model": "product.productvariantprice", "pk": 26, "fields": {"created_at": "2022-01-26T07:08:55.782Z", "updated_at": "2022-01-26T07:08:55.782Z", "product_variant_one": 1, "product_variant_two": 21, "product_variant_three": 28, "price": 5314.0, "stock": 999.0, "product": 5}}, {"model": "product.productvariantprice", "pk": 27, "fields": {"created_at": "2022-01-26T07:08:55.788Z", "updated_at": "2022-01-26T07:08:55.788Z", "product_variant_one": 2, "product_variant_two": 20, "product_variant_three": 28, "price": 7838.0, "stock": 999.0, "product": 5}}, {"model": "product.productvariantprice", "pk": 28, "fields": {"created_at": "2022-01-26T07:08:55.796Z", "updated_at": "2022-01-26T07:08:55.796Z", "product_variant_one": 2, "product_variant_two": 21, "product_variant_three": 28, "price": 7638.0, "stock": 999.0, "product": 5}}, {"model": "product.productvariantprice", "pk": 29, "fields": {"created_at": "2022-01-26T07:08:55.803Z", "updated_at": "2022-01-26T07:08:55.803Z", "product_variant_one": 18, "product_variant_two": 20, "product_variant_three": 28, "price": 4400.0, "stock": 999.0, "product": 5}}, {"model": "product.productvariantprice", "pk": 30, "fields": {"created_at": "2022-01-26T07:08:55.811Z", "updated_at": "2022-01-26T07:08:55.811Z", "product_variant_one": 18, "product_variant_two": 21, "product_variant_three": 28, "price": 6301.0, "stock": 999.0, "product": 5}}, {"model": "product.productvariantprice", "pk": 31, "fields": {"created_at": "2022-01-26T07:08:55.818Z", "updated_at": "2022-01-26T07:08:55.818Z", "product_variant_one": 8, "product_variant_two": 20, "product_variant_three": 28, "price": 2954.0, "stock": 999.0, "product": 5}}, {"model": "product.productvariantprice", "pk": 32, "fields": {"created_at": "2022-01-26T07:08:55.825Z", "updated_at": "2022-01-26T07:08:55.825Z", "product_variant_one": 8, "product_variant_two": 21, "product_variant_three": 28, "price": 5877.0, "stock": 999.0, "product": 5}}, {"model": "product.productvariantprice", "pk": 33, "fields": {"created_at": "2022-01-26T07:09:42.140Z", "updated_at": "2022-01-26T07:09:42.140Z", "product_variant_one": 1, "product_variant_two": 20, "product_variant_three": 28, "price": 807.0, "stock": 999.0, "product": 6}}, {"model": "product.productvariantprice", "pk": 34, "fields": {"created_at": "2022-01-26T07:09:42.148Z", "updated_at": "2022-01-26T07:09:42.148Z", "product_variant_one": 1, "product_variant_two": 21, "product_variant_three": 28, "price": 539.0, "stock": 999.0, "product": 6}}, {"model": "product.productvariantprice", "pk": 35, "fields": {"created_at": "2022-01-26T07:09:42.154Z", "updated_at": "2022-01-26T07:09:42.154Z", "product_variant_one": 2, "product_variant_two": 20, "product_variant_three": 28, "price": 7747.0, "stock": 999.0, "product": 6}}, {"model": "product.productvariantprice", "pk": 36, "fields": {"created_at": "2022-01-26T07:09:42.161Z", "updated_at": "2022-01-26T07:09:42.161Z", "product_variant_one": 2, "product_variant_two": 21, "product_variant_three": 28, "price": 7102.0, "stock": 999.0, "product": 6}}]